action_space,action
5,8.277777777777779
15,7.896166666666667
30,7.8325
60,7.754388888888888
