agents,hours
3,5.142169474325812
4,6.617461965721177
5,8.894227885242728
6,10.696462371154047
7,12.13485948157241
8,13.966878859595647
9,14.984083401277985
10,17.589373729624253
