agents,hours
3,2.1403292636249156
4,2.219426695692883
5,2.3022363645258994
6,2.6476108040329
7,2.8259363490242464
8,2.915721536263527
